detective|tt0119488
action scene|tt0082971 tt0090605
alien horror|tt0078748
gangster film|tt0087843 tt0099685
good musical|tt3783958
music film|tt2582802
dollar|tt0059578
good french|tt1675434
film reynolds|tt0045152
alien|tt0090605
tolkien movie|tt0120737
mile|tt0120689
gang|tt0317248
cameron|tt0090605
woody|tt0114709
character batman|tt1345836
movie time pixar|tt1049413
arthur knight|tt0071853
film mozart|tt0086879
apartment|tt0047396
samurai yojimbo|tt0055630
shawshank redemption|tt0111161
ilsa|tt0034583
father|tt0040522 tt0476735 tt1832382
list|tt0108052
scene jack|tt0081505
escape film|tt0057115
majidi|tt0118849
performance scorsese|tt0081398
people movie|tt0112573
sound|tt0027977
apartment window|tt0047396
film year|tt0435761
song|tt0110357
horror|tt0054215
movie forrest|tt0109830
bruce wayne|tt0372784
munny life|tt0105695
movie kubrick|tt0081505
jack|tt0073486
leone great|tt0064116
godfather part|tt0071562
minute|tt0062622
scott movie|tt0078748
movie casablanca|tt0034583
phyllis walter|tt0036775
loneliness|tt0075314
michael|tt0071562
laura logan|tt3315342
indiana jones film|tt0097576
animation character|tt0245429
shot jack|tt0081505
time time|tt0036775 tt0038650 tt0052357 tt0068646 tt0087843 tt0105236 tt0119698 tt0816692
great great movie|tt0407887
violence film|tt0364569
work|tt0245429
bicycle|tt0040522
memory clementine|tt0338013
gang life city god|tt0317248
adventure action|tt0097576
ford indy|tt0097576
japanese|tt0119698
holocaust|tt0118799
chaplin movie|tt0012349 tt0027977
trilogy movie|tt0167260
scene indy|tt0082971
neo|tt0133093
movie magician|tt0482571
film jackson|tt0167260
movie kurosawa|tt0055630
great great film|tt0361748
rome|tt0172495
andrew teller|tt2582802
life people|tt0119217
jedi|tt0086190
movie dreyman|tt0405094
movie horror movie|tt0054215
jury|tt0050083
coppola godfather part|tt0071562
goodfellas time|tt0099685
movie nolan|tt0816692
samurai action|tt0055630
men|tt0057115
western time|tt0060196 tt0064116
french|tt0050825 tt0361748 tt1675434
water|tt0071315
people life|tt1675434
buzz buzz|tt0114709
separation|tt1832382
character lucas|tt2106476
story simple|tt0118849
table|tt0361748
future time|tt0088763
boy|tt0050083
great|tt0032553 tt0033467 tt0045152 tt0057012 tt0057115 tt0064116 tt0088763 tt0105236 tt0110357 tt0120737 tt0361748 tt0476735 tt1853728
sound film|tt0027977
daughter|tt0169547
escape movie|tt0057115
brilliant|tt0057012
tarantino movie|tt1853728
toy story film|tt0114709
indiana father|tt0097576
story prestige|tt0482571
con shaw|tt0070735
action|tt0082971 tt0090605 tt0097576 tt0133093 tt1375666 tt3315342
bunker|tt0363163
jones film|tt0082971
scene ring|tt0081398
amadeus|tt0086879
bette davis|tt0042192
movie war|tt0363163
love|tt0095765 tt0338013 tt3783958
kurtz|tt0078788
family|tt0071562
tarantino|tt0105236 tt0110912 tt0361748 tt1853728
toole|tt0056172
metropolis film|tt0017136
child film|tt0118849
film pianist|tt0253474
mufasa simba|tt0110357
brilliant movie|tt0057012
eastwood|tt0059578
fbi|tt0102926
love clementine|tt0338013
sarah|tt0103064
plot|tt0053125 tt0364569
rancho|tt1187043
khan|tt5074352
bale ledger|tt0468569
battle scene|tt0167260
scorsese movie|tt0099685
logan wolverine|tt3315342
hospital|tt0073486
indy film|tt0082971
story untouchable|tt1675434
movie aamir khan|tt5074352
andy|tt0111161
damon character|tt0407887
memory|tt0338013
film child|tt0056592
pixar|tt0435761 tt0910970 tt1049413
harry lime|tt0041959
film space|tt0816692
half full|tt0093058
pianist szpilman|tt0253474
gladiator gladiator|tt0172495
movie logan|tt3315342
adventure indy|tt0097576
corleone|tt0071562
cinema|tt0095765 tt0816692
fight scene|tt0081398
robin|tt0119217
newman redford good|tt0070735
time ashitaka|tt0119698
clockwork orange|tt0066921
great roman|tt0172495
town|tt0055630
movie western|tt0055630 tt0060196
brody pianist|tt0253474
munny eastwood|tt0105695
performance film|tt0081398
wayne batman|tt0372784
film nicholson|tt0071315
rashomon kurosawa|tt0042876
hilarious film|tt0057012
beautiful|tt0118799
anime film|tt0095327
movie time|tt0017136 tt0033467 tt0038650 tt0043014 tt0047478 tt0052357 tt0078788 tt0090605 tt0105236 tt0109830 tt0119698
grace|tt0047396
kurosawa film|tt0055630
phogat|tt5074352
apocalypse film|tt0078788
scarface|tt0086250
bull film|tt0081398
time wilder|tt0053604
sugar curtis|tt0053291
reynolds|tt0045152
thornhill|tt0053125
holden great|tt0043014
setsuko seita|tt0095327
french movie|tt1675434
aragorn performance|tt0167261
machine|tt0027977 tt0103064
story love|tt0095765
french people|tt1675434
detective movie|tt0119488
time film|tt0033467 tt0036775 tt0041959 tt0056172 tt0060196 tt0105236 tt0211915 tt1375666
film life|tt0169547
film truth|tt0042876
ganz human hitler|tt0363163
american film|tt0120815
spielberg|tt0108052 tt0120815
japanese animation|tt0245429
beauty|tt0169547
scene film|tt0040897 tt0060196 tt0087843 tt0167260 tt3315342
dietrich|tt0051201
man son|tt0040522
redford newman|tt0070735
movie scene tuco|tt0060196
modern machine|tt0027977
time screen|tt0056592
music time|tt0060196
kubrick great|tt0057012
man|tt0105695 tt2106476
nolan film|tt0816692
submarine movie|tt0082096
casablanca scene|tt0034583
wolverine film|tt3315342
movie alien|tt0090605
stasi|tt0405094
movie django|tt1853728
film andrew|tt2582802
great movie|tt0033467 tt0045152 tt0053604 tt0057115 tt0064116 tt0086879 tt0088763 tt0133093 tt0172495
george bailey|tt0038650
story stone|tt3783958
addiction|tt0180093
charlie millionaire|tt0021749
modern time chaplin|tt0027977
mathilda leon|tt0110413
scene tramp|tt0021749 tt0027977
film people|tt0180093
film time film|tt0103064
darabont|tt0111161
scene wolverine|tt3315342
scott|tt0078748 tt0172495
dangal|tt5074352
movie story|tt0017136 tt0051201
film forrest gump|tt0109830
good story|tt1345836
detective film|tt0119488
film fight|tt0081398
salieri|tt0086879
german film|tt0034583
film movie|tt0068646 tt0087843 tt0167261
crew|tt0082096
tramp|tt0012349 tt0027977
cast character|tt0113277
french film|tt1675434
orange|tt0066921
story film|tt0211915 tt1049413
rain great|tt0045152
curtis|tt0053291
man story|tt0041959
killer|tt0022100 tt0114369
school|tt0109830 tt0986264
bane|tt1345836
casablanca german|tt0034583
minute hal|tt0062622
departed good movie|tt0407887
inception|tt1375666
movie kid|tt0012349
character character|tt0068646
comedy|tt0012349 tt0053291 tt0053604 tt0071853
german director|tt0405094
film snatch|tt0208092
bette|tt0042192
killer beckert|tt0022100
story humanity|tt0816692
character heat|tt0113277
love elena|tt0095765
kid chaplin|tt0012349
dance|tt3783958
film pulp fiction|tt0110912
pulp fiction pulp fiction|tt0110912
schultz|tt1853728
schultz great|tt1853728
film character|tt0114369 tt0407887
movie people|tt0043014
kane|tt0033467
idea|tt1375666
clockwork|tt0066921
whiplash|tt2582802
nolan batman|tt0372784 tt1345836
year|tt0088763 tt0435761
film wilder|tt0053604
insurance|tt0036775
mozart genius|tt0086879
matt|tt0119217
turkish people|tt0476735
space|tt0062622 tt0816692
die hard|tt0095016
yojimbo|tt0055630
miyazaki|tt0119698
wolverine|tt3315342
besson film|tt0110413
novak stewart|tt0052357
film norma|tt0043014
hilarious|tt0057012 tt0071853
hooker|tt0070735
heath ledger performance|tt0468569
stewart character|tt0047396
aamir performance|tt5074352
film walter|tt0036775
scene chaplin|tt0032553
love movie|tt0118799
character leone western|tt0059578
michael corleone|tt0071562
man war time|tt0253474
action movie time|tt0095016
movie musical|tt0045152
story scene|tt0209144
rebel|tt0086190
film luke|tt0080684
good film|tt0105236 tt0364569 tt1187043 tt1345836
wall|tt0910970
tony montana pacino|tt0086250
comedy time|tt0071853
time scene|tt0081505
life time|tt0087843
toy story|tt0114709
rear window great|tt0047396
thing|tt0120586
american|tt0109830 tt0120815 tt0169547
time apocalypse|tt0078788
year movie eve|tt0042192
davis|tt0042192
stone|tt3783958
apocalypse|tt0078788
movie film|tt0047478 tt0110357
film batman|tt0372784 tt0468569
stewart|tt0047396 tt0052357
logan jackman|tt3315342
interstellar movie|tt0816692
wilder|tt0053604
western film|tt0055630
sister ali|tt0118849
scene|tt0022100 tt0034583 tt0042192 tt0050825 tt0053125 tt0066921 tt0080684 tt0082971 tt0086879 tt0087843 tt0090605 tt0102926 tt0172495 tt0407887 tt0986264 tt3315342
perkins|tt0054215
movie disney|tt0110357
time life|tt0033467 tt0211915
thing movie|tt0120586
film scorsese|tt0081398 tt0407887
camp prisoner|tt0057115
great rome|tt0172495
story|tt0033467 tt0042876 tt0047478 tt0051201 tt0068646 tt0071315 tt0071562 tt0078748 tt0095765 tt0110912 tt0114709 tt0118849 tt0120689 tt0133093 tt0167261 tt0211915 tt0317248 tt0405094 tt0435761 tt0482571 tt1049413 tt5074352
scorsese goodfellas|tt0099685
joker heath joker|tt0468569
grant hitchcock|tt0053125
wonderful|tt0038650 tt0476735
saint|tt0053125
film logan|tt3315342
boat war|tt0082096
horror movie|tt0081505
mcmurphy nicholson|tt0073486
action film|tt0047478 tt0095016 tt1375666
truth character story|tt0042876
dogs|tt0105236
time con|tt0070735
jenny forrest|tt0109830
oldboy|tt0364569
film pixar|tt0435761
snatch|tt0208092
cleef good|tt0059578
part|tt0071562
film amadeus|tt0086879
western|tt0055630 tt0060196
batman ledger|tt0468569
peck|tt0056592
hollywood|tt0043014
movie love|tt0338013
lucas|tt0080684 tt2106476
movie good|tt0040897 tt0120737 tt1187043
john|tt0103064
gangster|tt0086250 tt0087843
double|tt0036775
number great|tt0045152
family life|tt0068646
love life|tt0118799
tramp kid|tt0012349
star empire|tt0086190
amelie audrey|tt0211915
time point|tt0042876
kubrick|tt0050825 tt0057012 tt0062622 tt0081505 tt0093058
mind joel|tt0338013
part family|tt0071562
nolan mind|tt1375666
mind|tt0338013 tt1375666
film nolan|tt0372784 tt1375666
novak|tt0052357
hitchcock film|tt0047396 tt0052357 tt0053125
heath performance|tt0468569
list life schindler|tt0108052
baxter apartment|tt0053604
robot great|tt0910970
kubrick movie|tt0093058
father daughter|tt1832382
film lawrence|tt0056172
bicycle film|tt0040522
lemmon|tt0053604
film tarantino film|tt0110912
sting redford|tt0070735
film gollum|tt0167261
scotland|tt0112573
wolverine character|tt3315342
animation|tt0110357 tt0114709 tt0245429 tt0435761
hitler human|tt0363163
performance|tt0036775 tt0120689 tt0167261 tt2582802 tt5074352
detective story|tt0114369 tt0119488
dance number time|tt0045152
film time heat|tt0113277
majidi movie|tt0118849
norman|tt0054215
wayne wayne|tt0372784
genius great|tt0086879
charlie chaplin city|tt0021749
batman movie good|tt1345836
movie samurai|tt0047478
time movie|tt0036775 tt0114814 tt1049413 tt1853728
scene rick ilsa|tt0034583
connor|tt0103064
clarice hannibal|tt0102926
character actor|tt0208092
phyllis|tt0036775
prestige|tt0482571
comedy film|tt0053291
peasant village|tt0047478
scene tuco|tt0060196
action movie|tt0090605 tt0095016 tt0110413
lenny|tt0209144
bale dark|tt0372784
besson movie leon|tt0110413
camp|tt0057115
nicholson|tt0071315
dog|tt1049413
movie chaplin|tt0021749
oldman|tt0110413
amadeus mozart|tt0086879
taxi driver film|tt0075314
movie family|tt0068646
german|tt0034583 tt0057115 tt0120815
willard|tt0078788
curtis lemmon|tt0053291
book time|tt0120737
foster clarice|tt0102926
movie movie|tt0076759 tt0120586 tt0167260 tt0407887 tt5074352
casablanca film|tt0034583
wilder laughton|tt0051201
spacey|tt0119488
american beauty beauty life|tt0169547
film clockwork orange|tt0066921
film vertigo|tt0052357
life toto|tt0095765
memory joel|tt0338013
sugar|tt0053291
chihiro|tt0245429
simmons|tt2582802
dialogue movie|tt0053125
batman bruce wayne|tt0372784
hope|tt0111161
mcmurphy jack nicholson|tt0073486
atticus|tt0056592
twist twist|tt0482571
sarah john terminator|tt0103064
luke|tt0076759 tt0080684
movie great time|tt0060196
aamir|tt0986264
shining jack|tt0081505
ali|tt0118849
story audience|tt0114814
movie emotional|tt3315342
film book|tt0056592
actor jack nicholson|tt0073486
performance movie|tt0120586
heat film|tt0113277
monty python film|tt0071853
willis mcclane|tt0095016
mortimer cleef|tt0059578
eastwood cleef|tt0059578
people ship|tt0078748
movie batman|tt1345836
leone film|tt0059578 tt0064116
simmons performance|tt2582802
joker|tt0468569
juror|tt0050083
dangal movie|tt5074352
gibson|tt0112573
husband|tt1832382
miyazaki work|tt0245429
majidi child|tt0118849
film musical|tt0045152 tt3783958
film submarine movie|tt0082096
benigni|tt0118799
girl tramp|tt0021749
seita|tt0095327
leone movie|tt0064116
lion|tt0110357
film german|tt0363163
jazz music|tt2582802
star war|tt0076759
life ishaan|tt0986264
toy story toy|tt0435761
film story|tt0041959 tt0114814 tt0133093
movie great|tt0112573
singer|tt0114814
time war|tt0032553
scarface movie|tt0086250
character dark|tt0114369
movie|tt0012349 tt0017136 tt0022100 tt0027977 tt0033467 tt0034583 tt0036775 tt0038650 tt0040897 tt0041959 tt0042192 tt0047478 tt0050083 tt0051201 tt0053291 tt0056172 tt0057115 tt0059578 tt0060196 tt0068646 tt0071315 tt0071562 tt0071853 tt0075314 tt0078788 tt0082971 tt0086879 tt0087843 tt0093058 tt0095765 tt0097576 tt0102926 tt0105236 tt0110912 tt0111161 tt0113277 tt0114369 tt0114709 tt0114814 tt0118799 tt0118849 tt0119488 tt0120737 tt0120815 tt0133093 tt0137523 tt0208092 tt0209144 tt0211915 tt0245429 tt0253474 tt0317248 tt0338013 tt0372784 tt0435761 tt0482571 tt1832382 tt2582802 tt3783958
hitchcock character|tt0047396
monroe sugar|tt0053291
wonderful director wonderful film wonderful|tt0476735
insurance walter|tt0036775
movie french cinema|tt0361748
charles laughton|tt0051201
dogs great film|tt0105236
movie book|tt0120689
miyazaki film|tt0245429
empire original|tt0080684
character time|tt0076759
hannibal lecter hopkins|tt0102926
joe|tt0053291
davis baxter|tt0042192
rosebud rosebud|tt0033467
fonda boy|tt0050083
cop|tt0113277
story leonard|tt0209144
movie action|tt0103064
nolan|tt0482571 tt0816692 tt1375666
kubrick film|tt0050825 tt0057012 tt0062622
pitt|tt0137523 tt0208092
kurosawa mifune|tt0055630
rear window hitchcock|tt0047396
grail|tt0071853
movie scene|tt0027977
movie life|tt0038650 tt0169547 tt0211915
tramp charlie chaplin|tt0021749
sugar marilyn monroe|tt0053291
point|tt0042876
die hard john mcclane|tt0095016
movie hitchcock|tt0054215
film spielberg|tt0108052
night taxi driver|tt0075314
leon|tt0110413
luke film|tt0086190
kurosawa|tt0042876
character drug|tt0180093
village|tt0047478
disney film|tt0110357
story andy|tt0111161
time metropolis|tt0017136
dobbs|tt0040897
scene rick|tt0034583
drug addiction|tt0180093
sanjuro|tt0055630
scene film jack|tt0081505
tarantino pulp fiction|tt0110912
submarine|tt0082096
heath ledger batman|tt0468569
dictator|tt0032553
kubrick full|tt0093058
ledger performance|tt0468569
eve margo|tt0042192
life|tt0038650 tt0068646 tt0082096 tt0087843 tt0095765 tt0099685 tt0105695 tt0108052 tt0118799 tt0119217 tt0120586 tt0137523 tt0169547 tt0180093 tt0317248 tt0363163 tt0405094 tt0986264 tt1187043
samurai peasant|tt0047478
driss paul life paul|tt1675434
fight club|tt0137523
wonderful movie|tt0476735
prison|tt0111161
worker|tt0017136
performance joker|tt0468569
disney|tt0110357 tt0114709
child|tt0012349 tt0095327 tt0986264
movie film vietnam vietnam|tt0078788
great fun|tt0088763
redemption|tt0111161
case|tt0050083 tt0119488
turkish movie|tt0476735
hitchcock|tt0052357
son father|tt0040522
film coppola|tt0071562
bicycle thief|tt0040522
cast|tt0120689
story amelie audrey|tt0211915
fun|tt0088763
film drug|tt0086250
killer story|tt0114369
fincher film|tt0137523
great music|tt0060196
gangster film drug|tt0086250
film time redemption|tt0111161
war time war|tt0078788
glory kubrick|tt0050825
music mozart|tt0086879
scottie stewart|tt0052357
character action|tt3315342
audrey|tt0211915
time casablanca|tt0034583
good|tt0060196 tt0086190 tt0114369 tt0119698 tt0120586 tt0120815 tt0167260 tt1187043 tt1345836 tt1675434 tt5074352
mockingbird|tt0056592
drug|tt0086250 tt0180093
scene scorsese|tt0081398
arabia|tt0056172
charlie chaplin|tt0012349
cast green mile|tt0120689
story child|tt0022100
parent|tt0986264
newman film sting|tt0070735
norton|tt0137523
indy father|tt0097576
parent child|tt0986264
movie monty python|tt0071853
scene scene|tt0113277 tt0209144
american beauty|tt0169547
lot people|tt0364569
buzz woody|tt0114709
bale|tt0468569
die hard john|tt0095016
director|tt0081398 tt0114814 tt0405094
andy toy|tt0114709
fiennes|tt0108052
good movie|tt0086190 tt0088763 tt0364569 tt0407887 tt0476735 tt3783958
characters|tt0110912
cinema nolan|tt0816692
aliens time|tt0090605
hitchcock movie|tt0052357 tt0053125
magician|tt0482571
film great fun|tt0088763
scene time|tt0090605
noodle|tt0087843
movie vertigo|tt0052357
pacino|tt0086250 tt0113277
charlie|tt0021749
marilyn monroe film|tt0053291
english|tt0112573
film music|tt0060196
story story|tt1345836
musical|tt3783958
leone|tt0059578 tt0060196
usual|tt0114814
taxi|tt0075314
character man|tt0050083
chaplin coogan|tt0012349
departed|tt0407887
bruce batman|tt0372784
nader father|tt1832382
kurosawa yojimbo|tt0055630
gangster movie|tt0086250
lucas film|tt0080684
pacino film|tt0086250 tt0113277
human|tt0363163 tt0910970
liotta|tt0099685
film killer|tt0022100
terminator film|tt0103064
paul|tt1675434
french general|tt0050825
taxi driver loneliness loneliness|tt0075314
character joel clementine|tt0338013
hal|tt0062622
idea mind|tt1375666
workers|tt0017136
world chihiro|tt0245429
character|tt0038650 tt0041959 tt0042192 tt0042876 tt0051201 tt0064116 tt0066921 tt0076759 tt0078748 tt0105236 tt0110413 tt0113277 tt0114369 tt0114814 tt0119488 tt0120586 tt0120737 tt0169547 tt0245429 tt0317248 tt0435761 tt0910970 tt1049413
memory condition|tt0209144
simple|tt0118849
great pulp fiction|tt0110912
mcmurphy|tt0073486
movie simba|tt0110357
bicycle job|tt0040522
great story|tt0110912 tt0910970
luke jedi|tt0086190
time great|tt0043014
movie toy|tt0435761
movie citizen kane|tt0033467
mufasa scar|tt0110357
character robot|tt0910970
pixar toy story|tt0435761
lonnegan lonnegan|tt0070735
dark|tt0114369 tt0372784
john sarah|tt0103064
buzz toy story|tt0114709
great dictator|tt0032553
world|tt0095327 tt0114369 tt0245429
iranian movie|tt1832382
character story|tt0120737 tt1345836
character movie|tt0047396 tt0064116 tt0090605 tt0105695 tt0113277 tt0119698 tt0435761 tt0910970
life salvatore|tt0095765
performance norton|tt0120586
film star norma|tt0043014
ring|tt0081398 tt0167260
besson character|tt0110413
film tarantino|tt0105236 tt0361748
scene movie|tt0022100 tt0053125 tt0086190 tt0209144
carl|tt1049413
szpilman time|tt0253474
samurai samurai|tt0047478
film twist|tt0114814
night|tt0075314
tower|tt0167261
driss paul|tt1675434
lawrence arabia film|tt0056172
film stewart novak|tt0052357
brody|tt0253474
people|tt0062622 tt0076759 tt0119217 tt0120586 tt0211915
american movie|tt0057115 tt0120815
story tolkien|tt0120737
alien film|tt0078748
joker heath ledger|tt0468569
thief|tt0040522
kubrick shining|tt0081505
iranian film|tt1832382
escape|tt0057115
scene han|tt0080684
empire|tt0086190
space time|tt0816692
chaplin film|tt0021749 tt0027977
guy die hard|tt0095016
war movie|tt0050825 tt0253474
setsuko|tt0095327
willis|tt0095016
alex character|tt0066921
toto|tt0095765
amadeus great film|tt0086879
great time|tt0032553
bruce|tt0372784
film action|tt0082971
boat|tt0082096
mcclane|tt0095016
scene yoda|tt0080684
christmas|tt0038650
character film|tt0040897 tt0050083 tt0056172 tt0078748 tt0119698 tt0167261 tt0169547 tt1049413 tt1345836
metropolis|tt0017136
patient|tt0073486
lorre|tt0022100
amelie film|tt0211915
western eastwood|tt0105695
vertigo scottie|tt0052357
leone movie life|tt0087843
world war|tt0095327
human wall|tt0910970
movie horror movie film|tt0054215
sister|tt0095327
sarah connor|tt0103064
hopkins|tt0102926
god|tt0317248
violence|tt0317248 tt0364569
miyazaki character|tt0245429
time chaplin tramp|tt0027977
movie salieri life mozart|tt0086879
anime|tt0095327
war film|tt0078788 tt0082096 tt0093058 tt0095327 tt0120815
scene luke yoda|tt0080684
corleone movie|tt0068646
laughton|tt0051201
trilogy|tt0167260
movie forrest gump|tt0109830
power dietrich|tt0051201
son|tt0040522 tt0118799 tt0476735
film dark|tt0468569
charlie chaplin film|tt0021749
trilogy jackson|tt0167260
mathilda life|tt0110413
hynkel dictator|tt0032553
dark film|tt0114369
film disney|tt0114709
time scorsese|tt0081398
cobb time|tt1375666
life story|tt0405094
western film man|tt0105695
men juror|tt0050083
citizen kane|tt0033467
jury man|tt0050083
terminator john connor|tt0103064
lot|tt0119217 tt0364569
music|tt0253474 tt2582802
movie eastwood|tt0105695
travis loneliness|tt0075314
war|tt0032553 tt0050825 tt0078788 tt0082096 tt0120815 tt0363163
vienna|tt0041959
jones|tt0082971 tt0097576
mathilda|tt0110413
wilder film|tt0051201
batman movie|tt0468569
batman|tt1345836
film time chinatown|tt0071315
psycho film|tt0054215
ford|tt0097576
film great|tt0034583 tt0110357 tt0112573
hannibal|tt0102926
film die hard|tt0095016
yojimbo western|tt0055630
role|tt1853728
film film|tt1675434 tt3315342
film time|tt0038650 tt0045152 tt0054215 tt0062622 tt0066921 tt0071853 tt0075314 tt0095016 tt0095765 tt0109830 tt0133093 tt0253474
glory|tt0050825
chaplin film chaplin|tt0027977
saint grant|tt0053125
yojimbo action|tt0055630
character life|tt0180093
mikkelsen|tt2106476
polanski|tt0071315
message|tt0120586
jack film|tt0081505
great film|tt0043014 tt0050825 tt0119488 tt0372784 tt0910970
terminator machine|tt0103064
baxter lemmon apartment|tt0053604
pixar film|tt0114709 tt0910970 tt1049413
movie lucas|tt0076759
adventure film|tt0097576
movie grant|tt0053125
schindler list film|tt0108052
diamond|tt0208092
bogart|tt0040897
ship|tt0910970
horror film|tt0054215 tt0081505
film|tt0012349 tt0032553 tt0034583 tt0042876 tt0047478 tt0053604 tt0064116 tt0073486 tt0086190 tt0088763 tt0105695 tt0109830 tt0112573 tt0114709 tt0119217 tt0120689 tt0133093 tt0172495 tt0211915 tt0361748 tt0363163 tt0364569 tt0468569 tt0986264 tt1049413 tt1187043 tt1853728 tt2106476
scene mozart|tt0086879
mortimer|tt0059578
actor|tt0099685 tt0108052
dreyman|tt0405094
book|tt0056592
movie atticus|tt0056592
time ring|tt0081398
character bogart|tt0040897
movie rear window|tt0047396
actor film|tt0073486 tt0208092
scottish people|tt0112573
star|tt0043014
scorsese movie departed|tt0407887
movie indiana jones|tt0097576
modern time|tt0027977
teller film|tt2582802
szpilman|tt0253474
unforgiven movie|tt0105695
modern film|tt0027977
taxi driver|tt0075314
life man|tt0105695
george bailey life|tt0038650
gillis|tt0043014
aragorn|tt0167261
desert|tt0056172
lang|tt0022100
film perkins|tt0054215
movie green mile|tt0120689
rear window|tt0047396
monty python|tt0071853
jacket|tt0093058
vietnam|tt0093058
time|tt0017136 tt0021749 tt0022100 tt0027977 tt0032553 tt0040897 tt0041959 tt0042876 tt0045152 tt0047478 tt0054215 tt0056172 tt0056592 tt0057012 tt0064116 tt0070735 tt0071315 tt0075314 tt0076759 tt0078788 tt0081398 tt0081505 tt0082971 tt0095765 tt0103064 tt0108052 tt0109830 tt0120737 tt0137523 tt0208092 tt0209144 tt0211915 tt0361748 tt0407887 tt0435761 tt1049413 tt1187043 tt2106476 tt2582802
charlie tramp|tt0021749
film japanese|tt0245429
