The Shawshank Redemption,tt0111161,https://images-na.ssl-images-amazon.com/images/M/MV5BODU4MjU4NjIwNl5BMl5BanBnXkFtZTgwMDU2MjEyMDE@._V1_UY67_CR0
The Godfather,tt0068646,https://images-na.ssl-images-amazon.com/images/M/MV5BZTRmNjQ1ZDYtNDgzMy00OGE0LWE4N2YtNTkzNWQ5ZDhlNGJmL2ltYWdlL2ltYWdlXkEyXkFqcGdeQXVyNjU0OTQ0OTY@._V1_UY67_CR1
The Godfather: Part II,tt0071562,https://images-na.ssl-images-amazon.com/images/M/MV5BMjZiNzIxNTQtNDc5Zi00YWY1LThkMTctMDgzYjY4YjI1YmQyL2ltYWdlL2ltYWdlXkEyXkFqcGdeQXVyNjU0OTQ0OTY@._V1_UY67_CR1
The Dark Knight,tt0468569,https://images-na.ssl-images-amazon.com/images/M/MV5BMTMxNTMwODM0NF5BMl5BanBnXkFtZTcwODAyMTk2Mw@@._V1_UY67_CR0
12 Angry Men,tt0050083,https://images-na.ssl-images-amazon.com/images/M/MV5BODQwOTc5MDM2N15BMl5BanBnXkFtZTcwODQxNTEzNA@@._V1_UX45_CR0
Schindler's List,tt0108052,https://images-na.ssl-images-amazon.com/images/M/MV5BNDE4OTMxMTctNmRhYy00NWE2LTg3YzItYTk3M2UwOTU5Njg4XkEyXkFqcGdeQXVyNjU0OTQ0OTY@._V1_UX45_CR0
Pulp Fiction,tt0110912,https://images-na.ssl-images-amazon.com/images/M/MV5BMTkxMTA5OTAzMl5BMl5BanBnXkFtZTgwNjA5MDc3NjE@._V1_UY67_CR0
The Lord of the Rings: The Return of the King,tt0167260,https://images-na.ssl-images-amazon.com/images/M/MV5BYWY1ZWQ5YjMtMDE0MS00NWIzLWE1M2YtODYzYTk2OTNlYWZmXkEyXkFqcGdeQXVyNDUyOTg3Njg@._V1_UX45_CR0
"The Good, the Bad and the Ugly",tt0060196,https://images-na.ssl-images-amazon.com/images/M/MV5BOTQ5NDI3MTI4MF5BMl5BanBnXkFtZTgwNDQ4ODE5MDE@._V1_UX45_CR0
Fight Club,tt0137523,https://images-na.ssl-images-amazon.com/images/M/MV5BZGY5Y2RjMmItNDg5Yy00NjUwLThjMTEtNDc2OGUzNTBiYmM1XkEyXkFqcGdeQXVyNjU0OTQ0OTY@._V1_UY67_CR0
The Lord of the Rings: The Fellowship of the Ring,tt0120737,https://images-na.ssl-images-amazon.com/images/M/MV5BNmFmZDdkODMtNzUyMy00NzhhLWFjZmEtMGMzYjNhMDA1NTBkXkEyXkFqcGdeQXVyNDUyOTg3Njg@._V1_UY67_CR0
Star Wars: Episode V - The Empire Strikes Back,tt0080684,https://images-na.ssl-images-amazon.com/images/M/MV5BYmViY2M2MTYtY2MzOS00YjQ1LWIzYmEtOTBiNjhlMGM0NjZjXkEyXkFqcGdeQXVyNDYyMDk5MTU@._V1_UX45_CR0
Forrest Gump,tt0109830,https://images-na.ssl-images-amazon.com/images/M/MV5BYThjM2MwZGMtMzg3Ny00NGRkLWE4M2EtYTBiNWMzOTY0YTI4XkEyXkFqcGdeQXVyNDYyMDk5MTU@._V1_UY67_CR3
Inception,tt1375666,https://images-na.ssl-images-amazon.com/images/M/MV5BMjAxMzY3NjcxNF5BMl5BanBnXkFtZTcwNTI5OTM0Mw@@._V1_UY67_CR0
The Lord of the Rings: The Two Towers,tt0167261,https://images-na.ssl-images-amazon.com/images/M/MV5BMTAyNDU0NjY4NTheQTJeQWpwZ15BbWU2MDk4MTY2Nw@@._V1_UY67_CR0
One Flew Over the Cuckoo's Nest,tt0073486,https://images-na.ssl-images-amazon.com/images/M/MV5BZjA0OWVhOTAtYWQxNi00YzNhLWI4ZjYtNjFjZTEyYjJlNDVlL2ltYWdlL2ltYWdlXkEyXkFqcGdeQXVyMTQxNzMzNDI@._V1_UY67_CR0
Goodfellas,tt0099685,https://images-na.ssl-images-amazon.com/images/M/MV5BNThjMzczMjctZmIwOC00NTQ4LWJhZWItZDdhNTk5ZTdiMWFlXkEyXkFqcGdeQXVyNDYyMDk5MTU@._V1_UX45_CR0
The Matrix,tt0133093,https://images-na.ssl-images-amazon.com/images/M/MV5BNzQzOTk3OTAtNDQ0Zi00ZTVkLWI0MTEtMDllZjNkYzNjNTc4L2ltYWdlXkEyXkFqcGdeQXVyNjU0OTQ0OTY@._V1_UX45_CR0
Seven Samurai,tt0047478,https://images-na.ssl-images-amazon.com/images/M/MV5BMTc5MDY1MjU5MF5BMl5BanBnXkFtZTgwNDM2OTE4MzE@._V1_UY67_CR1
Star Wars: Episode IV - A New Hope,tt0076759,https://images-na.ssl-images-amazon.com/images/M/MV5BYzQ2OTk4N2QtOGQwNy00MmI3LWEwNmEtOTk0OTY3NDk2MGJkL2ltYWdlL2ltYWdlXkEyXkFqcGdeQXVyNjc1NTYyMjg@._V1_UX45_CR0
City of God,tt0317248,https://images-na.ssl-images-amazon.com/images/M/MV5BMjA4ODQ3ODkzNV5BMl5BanBnXkFtZTYwOTc4NDI3._V1_UY67_CR0
Se7en,tt0114369,https://images-na.ssl-images-amazon.com/images/M/MV5BOTUwODM5MTctZjczMi00OTk4LTg3NWUtNmVhMTAzNTNjYjcyXkEyXkFqcGdeQXVyNjU0OTQ0OTY@._V1_UX45_CR0
The Silence of the Lambs,tt0102926,https://images-na.ssl-images-amazon.com/images/M/MV5BNjNhZTk0ZmEtNjJhMi00YzFlLWE1MmEtYzM1M2ZmMGMwMTU4XkEyXkFqcGdeQXVyNjU0OTQ0OTY@._V1_UY67_CR0
It's a Wonderful Life,tt0038650,https://images-na.ssl-images-amazon.com/images/M/MV5BMTMzMzY5NDc4M15BMl5BanBnXkFtZTcwMzc4NjIxNw@@._V1_UX45_CR0
Life Is Beautiful,tt0118799,https://images-na.ssl-images-amazon.com/images/M/MV5BYmJmM2Q4NmMtYThmNC00ZjRlLWEyZmItZTIwOTBlZDQ3NTQ1XkEyXkFqcGdeQXVyMTQxNzMzNDI@._V1_UX45_CR0
The Usual Suspects,tt0114814,https://images-na.ssl-images-amazon.com/images/M/MV5BYTViNjMyNmUtNDFkNC00ZDRlLThmMDUtZDU2YWE4NGI2ZjVmXkEyXkFqcGdeQXVyNjU0OTQ0OTY@._V1_UX45_CR0
Leon: The Professional,tt0110413,https://images-na.ssl-images-amazon.com/images/M/MV5BMjdjMGU3MGYtN2Y5ZC00MTE4LWE4YWQtMTBhMjc3MTk0ZDUwXkEyXkFqcGdeQXVyNjU0OTQ0OTY@._V1_UX45_CR0
Spirited Away,tt0245429,https://images-na.ssl-images-amazon.com/images/M/MV5BMTk3NTM1NTg1Ml5BMl5BanBnXkFtZTgwOTgzMTMyMDE@._V1_UY67_CR1
Saving Private Ryan,tt0120815,https://images-na.ssl-images-amazon.com/images/M/MV5BZjhkMDM4MWItZTVjOC00ZDRhLThmYTAtM2I5NzBmNmNlMzI1XkEyXkFqcGdeQXVyNDYyMDk5MTU@._V1_UY67_CR0
Once Upon a Time in the West,tt0064116,https://images-na.ssl-images-amazon.com/images/M/MV5BMTYxOTEwOTU0MV5BMl5BanBnXkFtZTgwNDc4NjQ3MTI@._V1_UY67_CR1
American History X,tt0120586,https://images-na.ssl-images-amazon.com/images/M/MV5BY2E2MWU5ZDktOTQ0OS00NGIzLTg4YTgtYjFhNTRlMjA1NzFjL2ltYWdlXkEyXkFqcGdeQXVyNTAyODkwOQ@@._V1_UY67_CR0
Interstellar,tt0816692,https://images-na.ssl-images-amazon.com/images/M/MV5BMjIxNTU4MzY4MF5BMl5BanBnXkFtZTgwMzM4ODI3MjE@._V1_UX45_CR0
Casablanca,tt0034583,https://images-na.ssl-images-amazon.com/images/M/MV5BY2IzZGY2YmEtYzljNS00NTM5LTgwMzUtMzM1NjQ4NGI0OTk0XkEyXkFqcGdeQXVyNDYyMDk5MTU@._V1_UX45_CR0
Psycho,tt0054215,https://images-na.ssl-images-amazon.com/images/M/MV5BYmY3ZjM2YzMtMTJkYy00ZDgyLTg3YTUtYWZhMDFhMDNjYTZmXkEyXkFqcGdeQXVyNTAyODkwOQ@@._V1_UX45_CR0
City Lights,tt0021749,https://images-na.ssl-images-amazon.com/images/M/MV5BZDRjMmI3ZjgtMGE3Mi00NjY5LTg0NWMtMmU3YzgyMjhmMjIzL2ltYWdlXkEyXkFqcGdeQXVyNTAyODkwOQ@@._V1_UX45_CR0
The Green Mile,tt0120689,https://images-na.ssl-images-amazon.com/images/M/MV5BMTUxMzQyNjA5MF5BMl5BanBnXkFtZTYwOTU2NTY3._V1_UY67_CR0
The Intouchables,tt1675434,https://images-na.ssl-images-amazon.com/images/M/MV5BMTYxNDA3MDQwNl5BMl5BanBnXkFtZTcwNTU4Mzc1Nw@@._V1_UY67_CR0
Modern Times,tt0027977,https://images-na.ssl-images-amazon.com/images/M/MV5BYjJiZjMzYzktNjU0NS00OTkxLWEwYzItYzdhYWJjN2QzMTRlL2ltYWdlL2ltYWdlXkEyXkFqcGdeQXVyNjU0OTQ0OTY@._V1_UX45_CR0
Raiders of the Lost Ark,tt0082971,https://images-na.ssl-images-amazon.com/images/M/MV5BMjA0ODEzMTc1Nl5BMl5BanBnXkFtZTcwODM2MjAxNA@@._V1_UX45_CR0
Rear Window,tt0047396,https://images-na.ssl-images-amazon.com/images/M/MV5BNGUxYWM3M2MtMGM3Mi00ZmRiLWE0NGQtZjE5ODI2OTJhNTU0XkEyXkFqcGdeQXVyMTQxNzMzNDI@._V1_UY67_CR0
The Pianist,tt0253474,https://images-na.ssl-images-amazon.com/images/M/MV5BOWRiZDIxZjktMTA1NC00MDQ2LWEzMjUtMTliZmY3NjQ3ODJiXkEyXkFqcGdeQXVyNjU0OTQ0OTY@._V1_UY67_CR2
The Departed,tt0407887,https://images-na.ssl-images-amazon.com/images/M/MV5BMTI1MTY2OTIxNV5BMl5BanBnXkFtZTYwNjQ4NjY3._V1_UY67_CR0
Terminator 2: Judgment Day,tt0103064,https://images-na.ssl-images-amazon.com/images/M/MV5BMGU2NzRmZjUtOGUxYS00ZjdjLWEwZWItY2NlM2JhNjkxNTFmXkEyXkFqcGdeQXVyNjU0OTQ0OTY@._V1_UY67_CR0
Back to the Future,tt0088763,https://images-na.ssl-images-amazon.com/images/M/MV5BZmU0M2Y1OGUtZjIxNi00ZjBkLTg1MjgtOWIyNThiZWIwYjRiXkEyXkFqcGdeQXVyMTQxNzMzNDI@._V1_UX45_CR0
Whiplash,tt2582802,https://images-na.ssl-images-amazon.com/images/M/MV5BOTVhMWQ5MDktMGE3OS00MjVlLWExZWYtMzY2MTg4ZGFiZDQ5L2ltYWdlXkEyXkFqcGdeQXVyNjU0OTQ0OTY@._V1_UY67_CR0
Gladiator,tt0172495,https://images-na.ssl-images-amazon.com/images/M/MV5BMDliMmNhNDEtODUyOS00MjNlLTgxODEtN2U3NzIxMGVkZTA1L2ltYWdlXkEyXkFqcGdeQXVyNjU0OTQ0OTY@._V1_UY67_CR0
Memento,tt0209144,https://images-na.ssl-images-amazon.com/images/M/MV5BZTcyNjk1MjgtOWI3Mi00YzQwLWI5MTktMzY4ZmI2NDAyNzYzXkEyXkFqcGdeQXVyNjU0OTQ0OTY@._V1_UY67_CR0
The Prestige,tt0482571,https://images-na.ssl-images-amazon.com/images/M/MV5BMjA4NDI0MTIxNF5BMl5BanBnXkFtZTYwNTM0MzY2._V1_UY67_CR0
Apocalypse Now,tt0078788,https://images-na.ssl-images-amazon.com/images/M/MV5BMDg1MDgzMmQtNDhlYS00MzZiLTllZGItNzliZTE1ODBiZDQwXkEyXkFqcGdeQXVyNjU0OTQ0OTY@._V1_UX45_CR0
The Lion King,tt0110357,https://images-na.ssl-images-amazon.com/images/M/MV5BYTYxNGMyZTYtMjE3MS00MzNjLWFjNmYtMDk3N2FmM2JiM2M1XkEyXkFqcGdeQXVyNjY5NDU4NzI@._V1_UY67_CR0
Alien,tt0078748,https://images-na.ssl-images-amazon.com/images/M/MV5BNDNhN2IxZWItNGEwYS00ZDNhLThiM2UtODU3NWJlZjBkYjQxXkEyXkFqcGdeQXVyMTQxNzMzNDI@._V1_UY67_CR0
Sunset Blvd.,tt0043014,https://images-na.ssl-images-amazon.com/images/M/MV5BMTc3NDYzODAwNV5BMl5BanBnXkFtZTgwODg1MTczMTE@._V1_UX45_CR0
Dr. Strangelove or: How I Learned to Stop Worrying and Love the Bomb,tt0057012,https://images-na.ssl-images-amazon.com/images/M/MV5BNTkxYjUxNDYtZGY0My00NTc2LThiZmYtNmNmNmU0NGVkZWYwXkEyXkFqcGdeQXVyMjUzOTY1NTc@._V1_UX45_CR0
The Great Dictator,tt0032553,https://images-na.ssl-images-amazon.com/images/M/MV5BMmExYWJjNTktNGUyZS00ODhmLTkxYzAtNWIzOGEyMGNiMmUwXkEyXkFqcGdeQXVyNjU0OTQ0OTY@._V1_UY67_CR0
Cinema Paradiso,tt0095765,https://images-na.ssl-images-amazon.com/images/M/MV5BMjIzMTgzOTEwOF5BMl5BanBnXkFtZTgwNTUxNjcxMTE@._V1_UY67_CR0
The Lives of Others,tt0405094,https://images-na.ssl-images-amazon.com/images/M/MV5BNDUzNjYwNDYyNl5BMl5BanBnXkFtZTcwNjU3ODQ0MQ@@._V1_UX45_CR0
Grave of the Fireflies,tt0095327,https://images-na.ssl-images-amazon.com/images/M/MV5BZjEwNDVhZjMtYzA1MS00ZWUxLThjOGUtZTliNGZiNGYyMjA3XkEyXkFqcGdeQXVyNjU0OTQ0OTY@._V1_UY67_CR1
Paths of Glory,tt0050825,https://images-na.ssl-images-amazon.com/images/M/MV5BOTI5Nzc0OTMtYzBkMS00NjkxLThmM2UtNjM2ODgxN2M5NjNkXkEyXkFqcGdeQXVyNjQ2MjQ5NzM@._V1_UX45_CR0
Django Unchained,tt1853728,https://images-na.ssl-images-amazon.com/images/M/MV5BMjIyNTQ5NjQ1OV5BMl5BanBnXkFtZTcwODg1MDU4OA@@._V1_UY67_CR0
The Shining,tt0081505,https://images-na.ssl-images-amazon.com/images/M/MV5BZWFlYmY2MGEtZjVkYS00YzU4LTg0YjQtYzY1ZGE3NTA5NGQxXkEyXkFqcGdeQXVyMTQxNzMzNDI@._V1_UX45_CR0
WALL.E,tt0910970,https://images-na.ssl-images-amazon.com/images/M/MV5BMjExMTg5OTU0NF5BMl5BanBnXkFtZTcwMjMxMzMzMw@@._V1_UY67_CR0
American Beauty,tt0169547,https://images-na.ssl-images-amazon.com/images/M/MV5BMjM4NTI5NzYyNV5BMl5BanBnXkFtZTgwNTkxNTYxMTE@._V1_UY67_CR0
The Dark Knight Rises,tt1345836,https://images-na.ssl-images-amazon.com/images/M/MV5BMTk4ODQzNDY3Ml5BMl5BanBnXkFtZTcwODA0NTM4Nw@@._V1_UY67_CR0
Princess Mononoke,tt0119698,https://images-na.ssl-images-amazon.com/images/M/MV5BMTVlNWM4NTAtNDQxYi00YWU5LWIwM2MtZmVjYWFmODZiODE5XkEyXkFqcGdeQXVyNjU0OTQ0OTY@._V1_UY67_CR1
Aliens,tt0090605,https://images-na.ssl-images-amazon.com/images/M/MV5BYzVlMWViZGEtYjEyYy00YWZmLThmZGEtYmM4MDZlN2Q5MmRmXkEyXkFqcGdeQXVyMTQxNzMzNDI@._V1_UX45_CR0
Oldeuboi,tt0364569,https://images-na.ssl-images-amazon.com/images/M/MV5BMTI3NTQyMzU5M15BMl5BanBnXkFtZTcwMTM2MjgyMQ@@._V1_UY67_CR0
Once Upon a Time in America,tt0087843,https://images-na.ssl-images-amazon.com/images/M/MV5BMGFkNWI4MTMtNGQ0OC00MWVmLTk3MTktOGYxN2Y2YWVkZWE2XkEyXkFqcGdeQXVyNjU0OTQ0OTY@._V1_UX45_CR0
Witness for the Prosecution,tt0051201,https://images-na.ssl-images-amazon.com/images/M/MV5BMTc0MjgyNTUyNF5BMl5BanBnXkFtZTcwNDQzMDg0Nw@@._V1_UX45_CR0
Das Boot,tt0082096,https://images-na.ssl-images-amazon.com/images/M/MV5BNGRmOWY0MGUtNTVhMy00NzRlLTljNDAtNTBiNTRlODgxNmY2XkEyXkFqcGdeQXVyNjc1NTYyMjg@._V1_UY67_CR1
Citizen Kane,tt0033467,https://images-na.ssl-images-amazon.com/images/M/MV5BMTQ2Mjc1MDQwMl5BMl5BanBnXkFtZTcwNzUyOTUyMg@@._V1_UY67_CR0
North by Northwest,tt0053125,https://images-na.ssl-images-amazon.com/images/M/MV5BMjQwMTQ0MzgwNl5BMl5BanBnXkFtZTgwNjc4ODE4MzE@._V1_UX45_CR0
Vertigo,tt0052357,https://images-na.ssl-images-amazon.com/images/M/MV5BYTE4ODEwZDUtNDFjOC00NjAxLWEzYTQtYTI1NGVmZmFlNjdiL2ltYWdlL2ltYWdlXkEyXkFqcGdeQXVyNjc1NTYyMjg@._V1_UX45_CR0
Star Wars: Episode VI - Return of the Jedi,tt0086190,https://images-na.ssl-images-amazon.com/images/M/MV5BODllZjg2YjUtNWEzNy00ZGY2LTgyZmQtYTkxNDYyOWM3OTUyXkEyXkFqcGdeQXVyMTQxNzMzNDI@._V1_UX45_CR0
Reservoir Dogs,tt0105236,https://images-na.ssl-images-amazon.com/images/M/MV5BZmExNmEwYWItYmQzOS00YjA5LTk2MjktZjEyZDE1Y2QxNjA1XkEyXkFqcGdeQXVyMTQxNzMzNDI@._V1_UX45_CR0
Braveheart,tt0112573,https://images-na.ssl-images-amazon.com/images/M/MV5BNTMyNGE1ODQtYTNiNS00ZTUyLThhZjktMTgyOGZkZThlYTc3XkEyXkFqcGdeQXVyMTQxNzMzNDI@._V1_UY67_CR0
M,tt0022100,https://images-na.ssl-images-amazon.com/images/M/MV5BMTQyNjA5NzU5MV5BMl5BanBnXkFtZTgwMDk1MTA5MTE@._V1_UY67_CR1
Logan,tt3315342,https://images-na.ssl-images-amazon.com/images/M/MV5BMjI1MjkzMjczMV5BMl5BanBnXkFtZTgwNDk4NjYyMTI@._V1_UY67_CR0
Requiem for a Dream,tt0180093,https://images-na.ssl-images-amazon.com/images/M/MV5BOTdiNzJlOWUtNWMwNS00NmFlLWI0YTEtZmI3YjIzZWUyY2Y3XkEyXkFqcGdeQXVyNjU0OTQ0OTY@._V1_UX45_CR0
Amelie,tt0211915,https://images-na.ssl-images-amazon.com/images/M/MV5BMTA3MjVkMWMtYTQ4ZC00ODczLWFjYmQtMDFkZDQ2Y2M0NDVmXkEyXkFqcGdeQXVyMTQxNzMzNDI@._V1_UY67_CR0
A Clockwork Orange,tt0066921,https://images-na.ssl-images-amazon.com/images/M/MV5BMTY3MjM1Mzc4N15BMl5BanBnXkFtZTgwODM0NzAxMDE@._V1_UY67_CR0
Taare Zameen Par,tt0986264,https://images-na.ssl-images-amazon.com/images/M/MV5BNTVmYTk2NjAtYzY3MS00YjFjLTlkYzktYzg3YzMyZDQyOWRiXkEyXkFqcGdeQXVyNjQ2MjQ5NzM@._V1_UY67_CR0
Taxi Driver,tt0075314,https://images-na.ssl-images-amazon.com/images/M/MV5BNGQxNDgzZWQtZTNjNi00M2RkLWExZmEtNmE1NjEyZDEwMzA5XkEyXkFqcGdeQXVyMTQxNzMzNDI@._V1_UX45_CR0
Lawrence of Arabia,tt0056172,https://images-na.ssl-images-amazon.com/images/M/MV5BYWY5ZjhjNGYtZmI2Ny00ODM0LWFkNzgtZmI1YzA2N2MxMzA0XkEyXkFqcGdeQXVyNjUwNzk3NDc@._V1_UY67_CR0
Double Indemnity,tt0036775,https://images-na.ssl-images-amazon.com/images/M/MV5BZmRmYmZkZTktZDc5ZC00ZjZmLTg4NWMtYjM3MjcyNTVjNGQ5L2ltYWdlL2ltYWdlXkEyXkFqcGdeQXVyNjc1NTYyMjg@._V1_UX45_CR0
Eternal Sunshine of the Spotless Mind,tt0338013,https://images-na.ssl-images-amazon.com/images/M/MV5BMTY4NzcwODg3Nl5BMl5BanBnXkFtZTcwNTEwOTMyMw@@._V1_UY67_CR0
Amadeus,tt0086879,https://images-na.ssl-images-amazon.com/images/M/MV5BMTg5NDkwMTk5N15BMl5BanBnXkFtZTYwODg3MDk2._V1_UY67_CR0
To Kill a Mockingbird,tt0056592,https://images-na.ssl-images-amazon.com/images/M/MV5BN2YxZDUxYzMtYzQxNy00NTRjLThmZjQtY2Q4Njg2MTUyOTkzL2ltYWdlL2ltYWdlXkEyXkFqcGdeQXVyNjU0OTQ0OTY@._V1_UX45_CR0
Toy Story 3,tt0435761,https://images-na.ssl-images-amazon.com/images/M/MV5BMTgxOTY4Mjc0MF5BMl5BanBnXkFtZTcwNTA4MDQyMw@@._V1_UY67_CR1
Full Metal Jacket,tt0093058,https://images-na.ssl-images-amazon.com/images/M/MV5BNzc2ZThkOGItZGY5YS00MDYwLTkyOTAtNDRmZWIwMGRhYTc0L2ltYWdlXkEyXkFqcGdeQXVyNjU0OTQ0OTY@._V1_UX45_CR0
The Sting,tt0070735,https://images-na.ssl-images-amazon.com/images/M/MV5BMTY5MjM1OTAyOV5BMl5BanBnXkFtZTgwMDkwODg4MDE@._V1._CR52
Dangal,tt5074352,https://images-na.ssl-images-amazon.com/images/M/MV5BMTQ4MzQzMzM2Nl5BMl5BanBnXkFtZTgwMTQ1NzU3MDI@._V1_UY67_CR1
2001: A Space Odyssey,tt0062622,https://images-na.ssl-images-amazon.com/images/M/MV5BMTZkZTBhYmUtMTIzNy00YTViLTg1OWItNGUwMmVlN2FjZTVkXkEyXkFqcGdeQXVyNDYyMDk5MTU@._V1_UY67_CR0
Singin' in the Rain,tt0045152,https://images-na.ssl-images-amazon.com/images/M/MV5BZDRjNGViMjQtOThlMi00MTA3LThkYzQtNzJkYjBkMGE0YzE1XkEyXkFqcGdeQXVyNDYyMDk5MTU@._V1_UY67_CR0
Toy Story,tt0114709,https://images-na.ssl-images-amazon.com/images/M/MV5BMDU2ZWJlMjktMTRhMy00ZTA5LWEzNDgtYmNmZTEwZTViZWJkXkEyXkFqcGdeQXVyNDQ2OTk4MzI@._V1_UX45_CR0
Bicycle Thieves,tt0040522,https://images-na.ssl-images-amazon.com/images/M/MV5BOTI3NTcwNzEtNDA1MS00ZjE0LThkNDEtMmU4MjVmNTQ1ZDBmXkEyXkFqcGdeQXVyNjc1NTYyMjg@._V1_UY67_CR0
The Kid,tt0012349,https://images-na.ssl-images-amazon.com/images/M/MV5BZjhhMThhNDItNTY2MC00MmU1LTliNDEtNDdhZjdlNTY5ZDQ1XkEyXkFqcGdeQXVyNjc1NTYyMjg@._V1_UX45_CR0
La La Land,tt3783958,https://images-na.ssl-images-amazon.com/images/M/MV5BMzUzNDM2NzM2MV5BMl5BanBnXkFtZTgwNTM3NTg4OTE@._V1_UY67_CR0
Inglourious Basterds,tt0361748,https://images-na.ssl-images-amazon.com/images/M/MV5BOTJiNDEzOWYtMTVjOC00ZjlmLWE0NGMtZmE1OWVmZDQ2OWJhXkEyXkFqcGdeQXVyNTIzOTk5ODM@._V1_UY67_CR0
Snatch,tt0208092,https://images-na.ssl-images-amazon.com/images/M/MV5BMTA2NDYxOGYtYjU1Mi00Y2QzLTgxMTQtMWI1MGI0ZGQ5MmU4XkEyXkFqcGdeQXVyNDk3NzU2MTQ@._V1_UY67_CR0
3 Idiots,tt1187043,https://images-na.ssl-images-amazon.com/images/M/MV5BZWRlNDdkNzItMzhlZC00YTdmLWIwNjktYjY5NjQ1ZmQ3N2FkXkEyXkFqcGdeQXVyNjU0OTQ0OTY@._V1_UY67_CR2
Babam ve Oglum,tt0476735,https://images-na.ssl-images-amazon.com/images/M/MV5BNjAzMzEwYzctNjc1MC00Nzg5LWFmMGItMTgzYmMyNTY2OTQ4XkEyXkFqcGdeQXVyNjU0OTQ0OTY@._V1_UY67_CR0
Monty Python and the Holy Grail,tt0071853,https://images-na.ssl-images-amazon.com/images/M/MV5BNmNmZjViNTQtNDQ5Mi00MDYzLWI5YWMtNDUyZGNmMGZhNDg4XkEyXkFqcGdeQXVyNTA4NzY1MzY@._V1_UY67_CR0
L.A. Confidential,tt0119488,https://images-na.ssl-images-amazon.com/images/M/MV5BMDQ2YzEyZGItYWRhOS00MjBmLTkzMDUtMTdjYzkyMmQxZTJlXkEyXkFqcGdeQXVyNjU0OTQ0OTY@._V1_UY67_CR0
For a Few Dollars More,tt0059578,https://images-na.ssl-images-amazon.com/images/M/MV5BMTQzMjIzOTEzMF5BMl5BanBnXkFtZTcwMTUzNTk3NA@@._V1_UX45_CR0
Scarface,tt0086250,https://images-na.ssl-images-amazon.com/images/M/MV5BNjdjNGQ4NDEtNTEwYS00MTgxLTliYzQtYzE2ZDRiZjFhZmNlXkEyXkFqcGdeQXVyNjU0OTQ0OTY@._V1_UX45_CR0
Kimi no na wa,tt5311514,https://images-na.ssl-images-amazon.com/images/M/MV5BODRmZDVmNzUtZDA4ZC00NjhkLWI2M2UtN2M0ZDIzNDcxYThjL2ltYWdlXkEyXkFqcGdeQXVyNTk0MzMzODA@._V1_UY67_CR0
Jagten,tt2106476,https://images-na.ssl-images-amazon.com/images/M/MV5BMTg2NDg3ODg4NF5BMl5BanBnXkFtZTcwNzk3NTc3Nw@@._V1_UY67_CR1
Good Will Hunting,tt0119217,https://images-na.ssl-images-amazon.com/images/M/MV5BOTI0MzcxMTYtZDVkMy00NjY1LTgyMTYtZmUxN2M3NmQ2NWJhXkEyXkFqcGdeQXVyMTQxNzMzNDI@._V1_UX45_CR0
The Apartment,tt0053604,https://images-na.ssl-images-amazon.com/images/M/MV5BN2YxYmUyZGItZWEzYy00NTA3LThhM2UtZThhNDM5NWYxZGQ1L2ltYWdlL2ltYWdlXkEyXkFqcGdeQXVyNjU0OTQ0OTY@._V1_UX45_CR0
Rashomon,tt0042876,https://images-na.ssl-images-amazon.com/images/M/MV5BMTk1MDU5MjQ5NF5BMl5BanBnXkFtZTgwMDM2OTE4MzE@._V1_UY67_CR1
A Separation,tt1832382,https://images-na.ssl-images-amazon.com/images/M/MV5BMTYzMzU4NDUwOF5BMl5BanBnXkFtZTcwMTM5MjA5Ng@@._V1_UY67_CR0
Metropolis,tt0017136,https://images-na.ssl-images-amazon.com/images/M/MV5BNDAzNTkyODg1MF5BMl5BanBnXkFtZTgwMDA3NDkwMDE@._V1_UX45_CR0
Indiana Jones and the Last Crusade,tt0097576,https://images-na.ssl-images-amazon.com/images/M/MV5BMjNkMzc2N2QtNjVlNS00ZTk5LTg0MTgtODY2MDAwNTMwZjBjXkEyXkFqcGdeQXVyNDk3NzU2MTQ@._V1_UY67_CR0
All About Eve,tt0042192,https://images-na.ssl-images-amazon.com/images/M/MV5BMTY2MTAzODI5NV5BMl5BanBnXkFtZTgwMjM4NzQ0MjE@._V1_UX45_CR0
Yojimbo,tt0055630,https://images-na.ssl-images-amazon.com/images/M/MV5BZThiZjAzZjgtNDU3MC00YThhLThjYWUtZGRkYjc2ZWZlOTVjXkEyXkFqcGdeQXVyNTA4NzY1MzY@._V1_UX45_CR0
Batman Begins,tt0372784,https://images-na.ssl-images-amazon.com/images/M/MV5BNTM3OTc0MzM2OV5BMl5BanBnXkFtZTYwNzUwMTI3._V1_UY67_CR0
Up,tt1049413,https://images-na.ssl-images-amazon.com/images/M/MV5BMTk3NDE2NzI4NF5BMl5BanBnXkFtZTgwNzE1MzEyMTE@._V1_UX45_CR0
Some Like It Hot,tt0053291,https://images-na.ssl-images-amazon.com/images/M/MV5BNzAyOGIxYjAtMGY2NC00ZTgyLWIwMWEtYzY0OWQ4NDFjOTc5XkEyXkFqcGdeQXVyNjU0OTQ0OTY@._V1_UX45_CR0
The Treasure of the Sierra Madre,tt0040897,https://images-na.ssl-images-amazon.com/images/M/MV5BMTQ4MzUzOTYwOV5BMl5BanBnXkFtZTgwNDA4MzgyMjE@._V1_UY67_CR0
Unforgiven,tt0105695,https://images-na.ssl-images-amazon.com/images/M/MV5BODM3YWY4NmQtN2Y3Ni00OTg0LWFhZGQtZWE3ZWY4MTJlOWU4XkEyXkFqcGdeQXVyNjU0OTQ0OTY@._V1_UX45_CR0
Downfall,tt0363163,https://images-na.ssl-images-amazon.com/images/M/MV5BMTM1OTI1MjE2Nl5BMl5BanBnXkFtZTcwMTEwMzc4NA@@._V1_UY67_CR0
Raging Bull,tt0081398,https://images-na.ssl-images-amazon.com/images/M/MV5BNDg1YTFlMDgtNzNhNy00ODhlLWFhMTAtOTE5MjhjNzI0NDljXkEyXkFqcGdeQXVyNjc1NTYyMjg@._V1_UX45_CR0
Die Hard,tt0095016,https://images-na.ssl-images-amazon.com/images/M/MV5BYmY2ZGEwMTYtNjBmZS00OGE4LWEyMmUtNjAwMWUxZjVmZTRiXkEyXkFqcGdeQXVyNjU0OTQ0OTY@._V1_UX45_CR0
The Third Man,tt0041959,https://images-na.ssl-images-amazon.com/images/M/MV5BZjQxYmRkMjgtMmZkZi00ZDYyLTk5OTktZWZjZTEzNGZlMWEwXkEyXkFqcGdeQXVyNDYyMDk5MTU@._V1_UX45_CR0
Children of Heaven,tt0118849,https://images-na.ssl-images-amazon.com/images/M/MV5BZTYwZWQ4ZTQtZWU0MS00N2YwLWEzMDItZWFkZWY0MWVjODVhXkEyXkFqcGdeQXVyNjU0OTQ0OTY@._V1_UX45_CR0
Heat,tt0113277,https://images-na.ssl-images-amazon.com/images/M/MV5BNGMwNzUwNjYtZWM5NS00YzMyLWI4NjAtNjM0ZDBiMzE1YWExXkEyXkFqcGdeQXVyNDk3NzU2MTQ@._V1_UY67_CR0
The Great Escape,tt0057115,https://images-na.ssl-images-amazon.com/images/M/MV5BMjI2MTQwNDI3Nl5BMl5BanBnXkFtZTcwNDk4MTkzNA@@._V1_UX45_CR0
Chinatown,tt0071315,https://images-na.ssl-images-amazon.com/images/M/MV5BYWRkNGJhMmEtMWM3Ni00MDc3LThhMTQtMWI2OTMxYmE5MTZhXkEyXkFqcGdeQXVyNTAyODkwOQ@@._V1_UY67_CR0
Ikiru,tt0044741,https://images-na.ssl-images-amazon.com/images/M/MV5BMWU4NmM5OTgtODk1MC00NThiLThkNjMtOWM5MGIzYjEyNmY5XkEyXkFqcGdeQXVyNTI4MjkwNjA@._V1_UY67_CR1
Pan's Labyrinth,tt0457430,https://images-na.ssl-images-amazon.com/images/M/MV5BMTU3ODg2NjQ5NF5BMl5BanBnXkFtZTcwMDEwODgzMQ@@._V1_UY67_CR0
Inside Out,tt2096673,https://images-na.ssl-images-amazon.com/images/M/MV5BOTgxMDQwMDk0OF5BMl5BanBnXkFtZTgwNjU5OTg2NDE@._V1_UY67_CR0
My Neighbor Totoro,tt0096283,https://images-na.ssl-images-amazon.com/images/M/MV5BMjE3NzY5ODQwMV5BMl5BanBnXkFtZTcwNzY1NzcxNw@@._V1_UY67_CR2
Ran,tt0089881,https://images-na.ssl-images-amazon.com/images/M/MV5BZDBjZTM4ZmEtOTA5ZC00NTQzLTkyNzYtMmUxNGU2YjI5YjU5L2ltYWdlXkEyXkFqcGdeQXVyNTAyODkwOQ@@._V1_UY67_CR1
The Gold Rush,tt0015864,https://images-na.ssl-images-amazon.com/images/M/MV5BZjEyOTE4MzMtNmMzMy00Mzc3LWJlOTQtOGJiNDE0ZmJiOTU4L2ltYWdlXkEyXkFqcGdeQXVyNTAyODkwOQ@@._V1_UY67_CR2
On the Waterfront,tt0047296,https://images-na.ssl-images-amazon.com/images/M/MV5BMjFiZDg3MDgtOTdiNC00ZGFiLWIyN2ItNDhkNGI5ZThkOTE3XkEyXkFqcGdeQXVyNjc1NTYyMjg@._V1_UX45_CR0
Room,tt3170832,https://images-na.ssl-images-amazon.com/images/M/MV5BMjE4NzgzNzEwMl5BMl5BanBnXkFtZTgwMTMzMDE0NjE@._V1_UY67_CR0
The Secret in Their Eyes,tt1305806,https://images-na.ssl-images-amazon.com/images/M/MV5BMTgwNTI3OTczOV5BMl5BanBnXkFtZTcwMTM3MTUyMw@@._V1_UY67_CR0
Blade Runner,tt0083658,https://images-na.ssl-images-amazon.com/images/M/MV5BNzQzMzJhZTEtOWM4NS00MTdhLTg0YjgtMjM4MDRkZjUwZDBlXkEyXkFqcGdeQXVyNjU0OTQ0OTY@._V1_UY67_CR0
The Bridge on the River Kwai,tt0050212,https://images-na.ssl-images-amazon.com/images/M/MV5BYjE1MzU4NWEtYjhjZS00NzM3LWIyYjQtMWU1M2VkNWYzMzMwXkEyXkFqcGdeQXVyNjc1NTYyMjg@._V1_UY67_CR0
Andrei Rublev,tt0060107,https://images-na.ssl-images-amazon.com/images/M/MV5BODQyMDAzMTQ3OV5BMl5BanBnXkFtZTgwNjUyMTM2MTE@._V1_UY67_CR0
Howl's Moving Castle,tt0347149,https://images-na.ssl-images-amazon.com/images/M/MV5BMTY1OTg0MjE3MV5BMl5BanBnXkFtZTcwNTUxMTkyMQ@@._V1_UY67_CR0
The Seventh Seal,tt0050976,https://images-na.ssl-images-amazon.com/images/M/MV5BM2I1ZWU4YjMtYzU0My00YmMzLWFmNTAtZDJhZGYwMmI3YWQ5XkEyXkFqcGdeQXVyNjU0OTQ0OTY@._V1_UX45_CR0
"Lock, Stock and Two Smoking Barrels",tt0120735,https://images-na.ssl-images-amazon.com/images/M/MV5BMTAyN2JmZmEtNjAyMy00NzYwLThmY2MtYWQ3OGNhNjExMmM4XkEyXkFqcGdeQXVyNDk3NzU2MTQ@._V1_UX45_CR0
Mr. Smith Goes to Washington,tt0031679,https://images-na.ssl-images-amazon.com/images/M/MV5BZTYwYjYxYzgtMDE1Ni00NzU4LWJlMTEtODQ5YmJmMGJhZjI5L2ltYWdlXkEyXkFqcGdeQXVyMDI2NDg0NQ@@._V1_UX45_CR0
Incendies,tt1255953,https://images-na.ssl-images-amazon.com/images/M/MV5BMjEyNTA3Njk4M15BMl5BanBnXkFtZTcwMzkzMzY3Mw@@._V1_UY67_CR1
Judgment at Nuremberg,tt0055031,https://images-na.ssl-images-amazon.com/images/M/MV5BNDc2ODQ5NTE2MV5BMl5BanBnXkFtZTcwODExMjUyNA@@._V1_UX45_CR0
Casino,tt0112641,https://images-na.ssl-images-amazon.com/images/M/MV5BMTcxOWYzNDYtYmM4YS00N2NkLTk0NTAtNjg1ODgwZjAxYzI3XkEyXkFqcGdeQXVyNTA4NzY1MzY@._V1_UX45_CR0
A Beautiful Mind,tt0268978,https://images-na.ssl-images-amazon.com/images/M/MV5BMzcwYWFkYzktZjAzNC00OGY1LWI4YTgtNzc5MzVjMDVmNjY0XkEyXkFqcGdeQXVyMTQxNzMzNDI@._V1_UY67_CR0
The Elephant Man,tt0080678,https://images-na.ssl-images-amazon.com/images/M/MV5BMDVjNjIwOGItNDE3Ny00OThjLWE0NzQtZTU3YjMzZTZjMzhkXkEyXkFqcGdeQXVyMTQxNzMzNDI@._V1_UX45_CR0
Wild Strawberries,tt0050986,https://images-na.ssl-images-amazon.com/images/M/MV5BMjgwNjI3NTM1MF5BMl5BanBnXkFtZTgwNzY3MTUyMjE@._V1_UY67_CR0
V for Vendetta,tt0434409,https://images-na.ssl-images-amazon.com/images/M/MV5BYzllMjJkODAtYjMwMi00YmNhLWFhYzAtZjZjODg5YzEwOGUwXkEyXkFqcGdeQXVyNjU0OTQ0OTY@._V1_UY67_CR0
The Wolf of Wall Street,tt0993846,https://images-na.ssl-images-amazon.com/images/M/MV5BMjIxMjgxNTk0MF5BMl5BanBnXkFtZTgwNjIyOTg2MDE@._V1_UY67_CR0
The General,tt0017925,https://images-na.ssl-images-amazon.com/images/M/MV5BODQxMzMyNTY5Nl5BMl5BanBnXkFtZTcwMDMyNTk3OA@@._V1_UX45_CR0
Warrior,tt1291584,https://images-na.ssl-images-amazon.com/images/M/MV5BMTk4ODk5MTMyNV5BMl5BanBnXkFtZTcwMDMyNTg0Ng@@._V1_UX45_CR0
The Bandit,tt0116231,https://images-na.ssl-images-amazon.com/images/M/MV5BOGQ4ZjFmYjktOGNkNS00OWYyLWIyZjgtMGJjM2U1ZTA0ZTlhXkEyXkFqcGdeQXVyNTA4NzY1MzY@._V1_UY67_CR1
Hacksaw Ridge,tt2119532,https://images-na.ssl-images-amazon.com/images/M/MV5BMjQ1NjM3MTUxNV5BMl5BanBnXkFtZTgwMDc5MTY5OTE@._V1_UX45_CR0
Sunrise,tt0018455,https://images-na.ssl-images-amazon.com/images/M/MV5BMjIzNzg4MzcxNV5BMl5BanBnXkFtZTgwMTgzNTE0MTE@._V1_UX45_CR0
Trainspotting,tt0117951,https://images-na.ssl-images-amazon.com/images/M/MV5BMzA5Zjc3ZTMtMmU5YS00YTMwLWI4MWUtYTU0YTVmNjVmODZhXkEyXkFqcGdeQXVyNjU0OTQ0OTY@._V1_UY67_CR0
Gran Torino,tt1205489,https://images-na.ssl-images-amazon.com/images/M/MV5BMTQyMTczMTAxMl5BMl5BanBnXkFtZTcwOTc1ODE0Mg@@._V1_UY67_CR1
Dial M for Murder,tt0046912,https://images-na.ssl-images-amazon.com/images/M/MV5BOWIwODIxYWItZDI4MS00YzhhLWE3MmYtMzlhZDIwOTMzZmE5L2ltYWdlXkEyXkFqcGdeQXVyNjc1NTYyMjg@._V1_UX45_CR0
The Deer Hunter,tt0077416,https://images-na.ssl-images-amazon.com/images/M/MV5BNjMxZWIyYzQtNjYzNy00NTk1LTg3ZDEtZDRmZmMxYmY4YmVjXkEyXkFqcGdeQXVyNjU0OTQ0OTY@._V1_UY67_CR0
The Big Lebowski,tt0118715,https://images-na.ssl-images-amazon.com/images/M/MV5BZTFjMjBiYzItNzU5YS00MjdiLWJkOTktNDQ3MTE3ZjY2YTY5XkEyXkFqcGdeQXVyNDk3NzU2MTQ@._V1_UX45_CR0
Fargo,tt0116282,https://images-na.ssl-images-amazon.com/images/M/MV5BMTgxNzY3MzUxOV5BMl5BanBnXkFtZTcwMDA0NjMyNA@@._V1_UX45_CR0
Gone with the Wind,tt0031381,https://images-na.ssl-images-amazon.com/images/M/MV5BYWQwOWVkMGItMDU2Yy00YjIzLWJkMjEtNmVkZjE3MjMwYzEzXkEyXkFqcGdeQXVyNjU0OTQ0OTY@._V1_UX45_CR0
A Wednesday,tt1280558,https://images-na.ssl-images-amazon.com/images/M/MV5BMTAzODEzMjE1MTJeQTJeQWpwZ15BbWU3MDE3NjQ5Mzk@._V1_UX45_CR0
Rang De Basanti,tt0405508,https://images-na.ssl-images-amazon.com/images/M/MV5BMjEwNzA5MjAwN15BMl5BanBnXkFtZTcwMzY5MzIzMQ@@._V1_UY67_CR1
The Passion of Joan of Arc,tt0019254,https://images-na.ssl-images-amazon.com/images/M/MV5BMTgyOTY5NTQwMF5BMl5BanBnXkFtZTgwMzkyMDkwMjE@._V1_UX45_CR0
Tokyo Story,tt0046438,https://images-na.ssl-images-amazon.com/images/M/MV5BYmUwN2VjZjAtZjg1Ny00OTk3LTg5MWYtMTA0OGM5Njk5NmQxXkEyXkFqcGdeQXVyNjU0OTQ0OTY@._V1_UY67_CR1
The Sixth Sense,tt0167404,https://images-na.ssl-images-amazon.com/images/M/MV5BMWM4NTFhYjctNzUyNi00NGMwLTk3NTYtMDIyNTZmMzRlYmQyXkEyXkFqcGdeQXVyMTAwMzUyOTc@._V1_UY67_CR0
Finding Nemo,tt0266543,https://images-na.ssl-images-amazon.com/images/M/MV5BZTAzNWZlNmUtZDEzYi00ZjA5LWIwYjEtZGM1NWE1MjE4YWRhXkEyXkFqcGdeQXVyNjU0OTQ0OTY@._V1_UY67_CR0
The Thing,tt0084787,https://images-na.ssl-images-amazon.com/images/M/MV5BNGViZWZmM2EtNGYzZi00ZDAyLTk3ODMtNzIyZTBjN2Y1NmM1XkEyXkFqcGdeQXVyNTAyODkwOQ@@._V1_UX45_CR0
No Country for Old Men,tt0477348,https://images-na.ssl-images-amazon.com/images/M/MV5BMjA5Njk3MjM4OV5BMl5BanBnXkFtZTcwMTc5MTE1MQ@@._V1_UY67_CR0
Cool Hand Luke,tt0061512,https://images-na.ssl-images-amazon.com/images/M/MV5BOWFlNzZhYmYtYTI5YS00MDQyLWIyNTUtNTRjMWUwNTEzNjA0XkEyXkFqcGdeQXVyNjUwNzk3NDc@._V1_UX45_CR0
Rebecca,tt0032976,https://images-na.ssl-images-amazon.com/images/M/MV5BYTcxYWExOTMtMWFmYy00ZjgzLWI0YjktNWEzYzJkZTg0NDdmL2ltYWdlXkEyXkFqcGdeQXVyNjc1NTYyMjg@._V1_UY67_CR1
How to Train Your Dragon,tt0892769,https://images-na.ssl-images-amazon.com/images/M/MV5BMjA5NDQyMjc2NF5BMl5BanBnXkFtZTcwMjg5ODcyMw@@._V1_UY67_CR0
Kill Bill: Vol. 1,tt0266697,https://images-na.ssl-images-amazon.com/images/M/MV5BMTU1NDg1Mzg4M15BMl5BanBnXkFtZTYwMDExOTc3._V1_UX45_CR0
Come and See,tt0091251,https://images-na.ssl-images-amazon.com/images/M/MV5BY2E3NzNlZGYtMGNmMS00ZGUzLThiYWItYjk0MDQ4MmFlZmUzXkEyXkFqcGdeQXVyNTc2MDU0NDE@._V1_UX45_CR0
There Will Be Blood,tt0469494,https://images-na.ssl-images-amazon.com/images/M/MV5BMjAxODQ4MDU5NV5BMl5BanBnXkFtZTcwMDU4MjU1MQ@@._V1_UY67_CR0
Mary and Max,tt0978762,https://images-na.ssl-images-amazon.com/images/M/MV5BMTQ1NDIyNTA1Nl5BMl5BanBnXkFtZTcwMjc2Njk3OA@@._V1_UY67_CR1
Into the Wild,tt0758758,https://images-na.ssl-images-amazon.com/images/M/MV5BMTAwNDEyODU1MjheQTJeQWpwZ15BbWU2MDc3NDQwNw@@._V1_UY67_CR0
Gone Girl,tt2267998,https://images-na.ssl-images-amazon.com/images/M/MV5BMTk0MDQ3MzAzOV5BMl5BanBnXkFtZTgwNzU1NzE3MjE@._V1_UY67_CR0
Life of Brian,tt0079470,https://images-na.ssl-images-amazon.com/images/M/MV5BMzAwNjU1OTktYjY3Mi00NDY5LWFlZWUtZjhjNGE0OTkwZDkwXkEyXkFqcGdeQXVyMTQxNzMzNDI@._V1_UX45_CR0
It Happened One Night,tt0025316,https://images-na.ssl-images-amazon.com/images/M/MV5BZmViYmM5OTYtNGQ4Ny00YjQyLThiNjEtYTE4MGZhZTNmZjcyL2ltYWdlL2ltYWdlXkEyXkFqcGdeQXVyNjU0OTQ0OTY@._V1_UX45_CR0
Shutter Island,tt1130884,https://images-na.ssl-images-amazon.com/images/M/MV5BMTMxMTIyNzMxMV5BMl5BanBnXkFtZTcwOTc4OTI3Mg@@._V1_UX45_CR0
Platoon,tt0091763,https://images-na.ssl-images-amazon.com/images/M/MV5BZmJlOTE1ZTgtODdmNC00NmZhLThlZDYtNTllMmIyOTIwN2EwL2ltYWdlL2ltYWdlXkEyXkFqcGdeQXVyMTQxNzMzNDI@._V1_UX45_CR0
Hotel Rwanda,tt0395169,https://images-na.ssl-images-amazon.com/images/M/MV5BMTI2MzQyNTc1M15BMl5BanBnXkFtZTYwMjExNjc3._V1_UX45_CR0
Rush,tt1979320,https://images-na.ssl-images-amazon.com/images/M/MV5BOWEwODJmZDItYTNmZC00OGM4LThlNDktOTQzZjIzMGQxODA4XkEyXkFqcGdeQXVyNjU0OTQ0OTY@._V1_UY67_CR0
Network,tt0074958,https://images-na.ssl-images-amazon.com/images/M/MV5BNzk5MjcxNTg2MF5BMl5BanBnXkFtZTgwMzY2MTUxMDE@._V1_UY67_CR2
Relatos salvajes,tt3011894,https://images-na.ssl-images-amazon.com/images/M/MV5BNzAzMjA1ODAxOV5BMl5BanBnXkFtZTgwODg4NTQzNDE@._V1_UY67_CR0
The Wages of Fear,tt0046268,https://images-na.ssl-images-amazon.com/images/M/MV5BMTQ5MzkyNDgyMF5BMl5BanBnXkFtZTgwODg2MTMzMjE@._V1_UY67_CR0
Munna Bhai M.B.B.S.,tt0374887,https://images-na.ssl-images-amazon.com/images/M/MV5BY2JlMGI1YWQtYjBhMi00NTJiLTgxMzUtMGU4NThlZTAyYmMxXkEyXkFqcGdeQXVyNTA4NzY1MzY@._V1_UX45_CR0
Stand by Me,tt0092005,https://images-na.ssl-images-amazon.com/images/M/MV5BMjIxODliZDYtMGMyYy00ZDQzLTgzOTMtMWY5YWEyNTBhNzk5L2ltYWdlL2ltYWdlXkEyXkFqcGdeQXVyMTQxNzMzNDI@._V1_UX45_CR0
In the Name of the Father,tt0107207,https://images-na.ssl-images-amazon.com/images/M/MV5BMWQ0ZGU3NDUtYjRkNS00Yzg4LTgxMTItMjExYjg3ZjgyMGRkXkEyXkFqcGdeQXVyNjU0OTQ0OTY@._V1_UY67_CR0
Spotlight,tt1895587,https://images-na.ssl-images-amazon.com/images/M/MV5BMjIyOTM5OTIzNV5BMl5BanBnXkFtZTgwMDkzODE2NjE@._V1_UY67_CR0
The 400 Blows,tt0053198,https://images-na.ssl-images-amazon.com/images/M/MV5BYTQ4MjA4NmYtYjRhNi00MTEwLTg0NjgtNjk3ODJlZGU4NjRkL2ltYWdlL2ltYWdlXkEyXkFqcGdeQXVyNjU0OTQ0OTY@._V1_UY67_CR2
Mad Max: Fury Road,tt1392190,https://images-na.ssl-images-amazon.com/images/M/MV5BMTUyMTE0ODcxNF5BMl5BanBnXkFtZTgwODE4NDQzNTE@._V1_UY67_CR0
12 Years a Slave,tt2024544,https://images-na.ssl-images-amazon.com/images/M/MV5BMjExMTEzODkyN15BMl5BanBnXkFtZTcwNTU4NTc4OQ@@._V1_UY67_CR0
The Grand Budapest Hotel,tt2278388,https://images-na.ssl-images-amazon.com/images/M/MV5BMzM5NjUxOTEyMl5BMl5BanBnXkFtZTgwNjEyMDM0MDE@._V1_UY67_CR0
Ben-Hur,tt0052618,https://images-na.ssl-images-amazon.com/images/M/MV5BNjgxY2JiZDYtZmMwOC00ZmJjLWJmODUtMTNmNWNmYWI5ODkwL2ltYWdlL2ltYWdlXkEyXkFqcGdeQXVyNjc1NTYyMjg@._V1_UX45_CR0
Butch Cassidy and the Sundance Kid,tt0064115,https://images-na.ssl-images-amazon.com/images/M/MV5BMTkyMTM2NDk5Nl5BMl5BanBnXkFtZTgwNzY1NzEyMDE@._V1_UY67_CR0
Persona,tt0060827,https://images-na.ssl-images-amazon.com/images/M/MV5BMTc1OTgxNjYyNF5BMl5BanBnXkFtZTcwNjM2MjM2NQ@@._V1_UX45_CR0
Million Dollar Baby,tt0405159,https://images-na.ssl-images-amazon.com/images/M/MV5BMTkxNzA1NDQxOV5BMl5BanBnXkFtZTcwNTkyMTIzMw@@._V1_UY67_CR0
Amores Perros,tt0245712,https://images-na.ssl-images-amazon.com/images/M/MV5BZjYwYzliYTktMzk3MS00MzE0LTllM2QtMDk3MTFmOGQ2MjE0XkEyXkFqcGdeQXVyMTQxNzMzNDI@._V1_UY67_CR0
The Maltese Falcon,tt0033870,https://images-na.ssl-images-amazon.com/images/M/MV5BMTc4MDEzOTMwMl5BMl5BanBnXkFtZTgwMTc2NjgyMjE@._V1_UY67_CR0
Jurassic Park,tt0107290,https://images-na.ssl-images-amazon.com/images/M/MV5BMjM2MDgxMDg0Nl5BMl5BanBnXkFtZTgwNTM2OTM5NDE@._V1_UX45_CR0
Memories of Murder,tt0353969,https://images-na.ssl-images-amazon.com/images/M/MV5BZWYyYTk5ODQtNjFjZi00ZDFlLWEwNGEtNGQwZTdmYWRhNmU3L2ltYWdlXkEyXkFqcGdeQXVyNTAyODkwOQ@@._V1_UX45_CR0
Sholay,tt0073707,https://images-na.ssl-images-amazon.com/images/M/MV5BOWQ0YTUzYzItYjI0MC00OTZmLWE1MWQtY2EzMzU2MTlmMmJjXkEyXkFqcGdeQXVyMDkwNTkwNg@@._V1_UY67_CR3
The Nights of Cabiria,tt0050783,https://images-na.ssl-images-amazon.com/images/M/MV5BZjllMDcyY2YtZDc5Zi00NDRlLThkZmItMTJhOWZmYjM0NmQyXkEyXkFqcGdeQXVyNTc1NDM0NDU@._V1_UY67_CR1
Hera Pheri,tt0242519,https://images-na.ssl-images-amazon.com/images/M/MV5BZTYwNDdmNmEtOGZhYS00MjRiLWIzOWUtNDQxNzg4ZTVjMGE1XkEyXkFqcGdeQXVyNjQ2MjQ5NzM@._V1_UY67_CR1
Star Wars: Episode VII - The Force Awakens,tt2488496,https://images-na.ssl-images-amazon.com/images/M/MV5BOTAzODEzNDAzMl5BMl5BanBnXkFtZTgwMDU1MTgzNzE@._V1_UY67_CR0
The Princess Bride,tt0093779,https://images-na.ssl-images-amazon.com/images/M/MV5BMGM4M2Q5N2MtNThkZS00NTc1LTk1NTItNWEyZjJjNDRmNDk5XkEyXkFqcGdeQXVyMjA0MDQ0Mjc@._V1_UY67_CR0
Stalker,tt0079944,https://images-na.ssl-images-amazon.com/images/M/MV5BNDY2NjU0NDAxOF5BMl5BanBnXkFtZTgwNjQ4MTI2MTE@._V1_UY67_CR1
Hachi: A Dog's Tale,tt1028532,https://images-na.ssl-images-amazon.com/images/M/MV5BMTAxMDA2MjM4NDReQTJeQWpwZ15BbWU3MDE0NTgxMTM@._V1_UY67_CR1
The Truman Show,tt0120382,https://images-na.ssl-images-amazon.com/images/M/MV5BMDIzODcyY2EtMmY2MC00ZWVlLTgwMzAtMjQwOWUyNmJjNTYyXkEyXkFqcGdeQXVyNDk3NzU2MTQ@._V1_UY67_CR0
Nausicaa of the Valley of the Wind,tt0087544,https://images-na.ssl-images-amazon.com/images/M/MV5BODJiNmUzYmQtZTNhNS00NjY0LThmYjMtOTliOTM1NTdkYzY1XkEyXkFqcGdeQXVyNjU0OTQ0OTY@._V1_UY67_CR1
Before Sunrise,tt0112471,https://images-na.ssl-images-amazon.com/images/M/MV5BZDdiZTAwYzAtMDI3Ni00OTRjLTkzN2UtMGE3MDMyZmU4NTU4XkEyXkFqcGdeQXVyNjU0OTQ0OTY@._V1_UY67_CR0
The Grapes of Wrath,tt0032551,https://images-na.ssl-images-amazon.com/images/M/MV5BNzJiOGI2MjctYjUyMS00ZjkzLWE2ZmUtOTg4NTZkOTNhZDc1L2ltYWdlXkEyXkFqcGdeQXVyNjc1NTYyMjg@._V1_UY67_CR0
Touch of Evil,tt0052311,https://images-na.ssl-images-amazon.com/images/M/MV5BMDFkMDEwM2MtOWY4MS00YWNhLTg5ZWItYzAxZTJlN2Y1NjBmXkEyXkFqcGdeQXVyNjc1NTYyMjg@._V1_UX45_CR0
Harry Potter and the Deathly Hallows: Part 2,tt1201607,https://images-na.ssl-images-amazon.com/images/M/MV5BMTY2MTk3MDQ1N15BMl5BanBnXkFtZTcwMzI4NzA2NQ@@._V1_UY67_CR0
Rocky,tt0075148,https://images-na.ssl-images-amazon.com/images/M/MV5BMTY5MDMzODUyOF5BMl5BanBnXkFtZTcwMTQ3NTMyNA@@._V1_UX45_CR0
Annie Hall,tt0075686,https://images-na.ssl-images-amazon.com/images/M/MV5BMTU1NDM2MjkwM15BMl5BanBnXkFtZTcwODU3OTYwNA@@._V1_UX45_CR0
Gandhi,tt0083987,https://images-na.ssl-images-amazon.com/images/M/MV5BMzJiZDRmOWUtYjE2MS00Mjc1LTg1ZDYtNTQxYWJkZTg1OTM4XkEyXkFqcGdeQXVyNjUwNzk3NDc@._V1_UX45_CR0
Prisoners,tt1392214,https://images-na.ssl-images-amazon.com/images/M/MV5BMTg0NTIzMjQ1NV5BMl5BanBnXkFtZTcwNDc3MzM5OQ@@._V1_UY67_CR0
Diabolique,tt0046911,https://images-na.ssl-images-amazon.com/images/M/MV5BMGJmNmU5OTAtOTQyYy00MmM3LTk4MzUtMGFiZDYzODdmMmU4XkEyXkFqcGdeQXVyNjU0OTQ0OTY@._V1_UY67_CR2
Andaz Apna Apna,tt0109117,https://images-na.ssl-images-amazon.com/images/M/MV5BNWE2MjhjMmMtNzQyMS00MmI0LTlkOTUtZDVlZjFlNmZkNDgyL2ltYWdlXkEyXkFqcGdeQXVyNjQ2MjQ5NzM@._V1_UY67_CR1
Donnie Darko,tt0246578,https://images-na.ssl-images-amazon.com/images/M/MV5BZWQyN2ZkODktMTBkNS00OTBjLWJhOGYtNGU4YWVkNTY0ZDZkXkEyXkFqcGdeQXVyNjU0OTQ0OTY@._V1_UY67_CR0
The Bourne Ultimatum,tt0440963,https://images-na.ssl-images-amazon.com/images/M/MV5BNGNiNmU2YTMtZmU4OS00MjM0LTlmYWUtMjVlYjAzYjE2N2RjXkEyXkFqcGdeQXVyNDk3NzU2MTQ@._V1_UY67_CR0
"Monsters,  Inc.",tt0198781,https://images-na.ssl-images-amazon.com/images/M/MV5BMTY1NTI0ODUyOF5BMl5BanBnXkFtZTgwNTEyNjQ0MDE@._V1_UY67_CR0
Catch Me If You Can,tt0264464,https://images-na.ssl-images-amazon.com/images/M/MV5BMTY5MzYzNjc5NV5BMl5BanBnXkFtZTYwNTUyNTc2._V1_UY67_CR0
The Terminator,tt0088247,https://images-na.ssl-images-amazon.com/images/M/MV5BODE1MDczNTUxOV5BMl5BanBnXkFtZTcwMTA0NDQyNA@@._V1_UX45_CR0
8 1/2,tt0056801,https://images-na.ssl-images-amazon.com/images/M/MV5BMTQ4MTA0NjEzMF5BMl5BanBnXkFtZTgwMDg4NDYxMzE@._V1_UY67_CR1
The Wizard of Oz,tt0032138,https://images-na.ssl-images-amazon.com/images/M/MV5BNjUyMTc4MDExMV5BMl5BanBnXkFtZTgwNDg0NDIwMjE@._V1_UX45_CR0
Groundhog Day,tt0107048,https://images-na.ssl-images-amazon.com/images/M/MV5BZWIxNzM5YzQtY2FmMS00Yjc3LWI1ZjUtNGVjMjMzZTIxZTIxXkEyXkFqcGdeQXVyNjU0OTQ0OTY@._V1_UY67_CR0
La Haine,tt0113247,https://images-na.ssl-images-amazon.com/images/M/MV5BNDNiOTA5YjktY2Q0Ni00ODgzLWE5MWItNGExOWRlYjY2MjBlXkEyXkFqcGdeQXVyNjQ2MjQ5NzM@._V1_UY67_CR1
Barry Lyndon,tt0072684,https://images-na.ssl-images-amazon.com/images/M/MV5BNmY0MWY2NDctZDdmMi00MjA1LTk0ZTQtZDMyZTQ1NTNlYzVjXkEyXkFqcGdeQXVyMjUzOTY1NTc@._V1_UX45_CR0
Twelve Monkeys,tt0114746,https://images-na.ssl-images-amazon.com/images/M/MV5BN2Y2OWU4MWMtNmIyMy00YzMyLWI0Y2ItMTcyZDc3MTdmZDU4XkEyXkFqcGdeQXVyMTQxNzMzNDI@._V1_UX45_CR0
Jaws,tt0073195,https://images-na.ssl-images-amazon.com/images/M/MV5BMmVmODY1MzEtYTMwZC00MzNhLWFkNDMtZjAwM2EwODUxZTA5XkEyXkFqcGdeQXVyNTAyODkwOQ@@._V1_UX45_CR0
Infernal Affairs,tt0338564,https://images-na.ssl-images-amazon.com/images/M/MV5BMWJmNzNmYjctMGM5OS00NGIwLTkxOTktNGI4MTdlNTk4MjgwXkEyXkFqcGdeQXVyMjQ1NjEyNzE@._V1_UX45_CR0
The Best Years of Our Lives,tt0036868,https://images-na.ssl-images-amazon.com/images/M/MV5BMTk1NTAxNzg3Nl5BMl5BanBnXkFtZTcwNjU4OTQwNw@@._V1_UX45_CR0
The Battle of Algiers,tt0058946,https://images-na.ssl-images-amazon.com/images/M/MV5BYzliNzI5NzgtNDZmNy00NGU4LTg2OTQtMDEzZTRiNDU3ZTI1XkEyXkFqcGdeQXVyMDUyOTUyNQ@@._V1_UY67_CR2
Dog Day Afternoon,tt0072890,https://images-na.ssl-images-amazon.com/images/M/MV5BODExZmE2ZWItYTIzOC00MzI1LTgyNTktMDBhNmFhY2Y4OTQ3XkEyXkFqcGdeQXVyNjU0OTQ0OTY@._V1_UX45_CR0
The Help,tt1454029,https://images-na.ssl-images-amazon.com/images/M/MV5BMTM5OTMyMjIxOV5BMl5BanBnXkFtZTcwNzU4MjIwNQ@@._V1_UY67_CR0
Zootopia,tt2948356,https://images-na.ssl-images-amazon.com/images/M/MV5BOTMyMjEyNzIzMV5BMl5BanBnXkFtZTgwNzIyNjU0NzE@._V1_UY67_CR0
What Ever Happened to Baby Jane?,tt0056687,https://images-na.ssl-images-amazon.com/images/M/MV5BZmI0M2VmNTgtMWVhYS00Zjg1LTk1YTYtNmJmMjRkZmMwYTc2XkEyXkFqcGdeQXVyNTA4NzY1MzY@._V1_UX45_CR0
Beauty and the Beast,tt0101414,https://images-na.ssl-images-amazon.com/images/M/MV5BMzE5MDM1NDktY2I0OC00YWI5LTk2NzUtYjczNDczOWQxYjM0XkEyXkFqcGdeQXVyMTQxNzMzNDI@._V1_UY67_CR0
Gangs of Wasseypur,tt1954470,https://images-na.ssl-images-amazon.com/images/M/MV5BMTc5NjY4MjUwNF5BMl5BanBnXkFtZTgwODM3NzM5MzE@._V1_UY67_CR0
In the Mood for Love,tt0118694,https://images-na.ssl-images-amazon.com/images/M/MV5BYjVhMTE3YzEtOGEwYS00NjFmLWFjYzAtMGVjNjY3YWY4OTJhL2ltYWdlXkEyXkFqcGdeQXVyNjU0OTQ0OTY@._V1_UY67_CR0
Pirates of the Caribbean: The Curse of the Black Pearl,tt0325980,https://images-na.ssl-images-amazon.com/images/M/MV5BMjAyNDM4MTc2N15BMl5BanBnXkFtZTYwNDk0Mjc3._V1_UY67_CR0
PK,tt2338151,https://images-na.ssl-images-amazon.com/images/M/MV5BMTYzOTE2NjkxN15BMl5BanBnXkFtZTgwMDgzMTg0MzE@._V1_UY67_CR0
Lagaan: Once Upon a Time in India,tt0169102,https://images-na.ssl-images-amazon.com/images/M/MV5BNDYxNWUzZmYtOGQxMC00MTdkLTkxOTctYzkyOGIwNWQxZjhmXkEyXkFqcGdeQXVyNjU0OTQ0OTY@._V1_UX45_CR0